"Time","imcQS.rotorCage.port_p.reference.gamma","PIQS.x","loadInertiaQS.w","powerSensorQS.flange_a.phi"
0,1.5707964,0,157.07964,-0.78539819
0.0099999998,1.5712477,17.181099,157.04515,0.78517252
0.02,1.5719948,11.354369,157.04099,2.3555954
0.029999999,1.572769,6.1079421,157.04103,3.9260044
0.039999999,1.5735371,3.1139936,157.0414,5.4964166
0.050000001,1.5742991,1.5616504,157.04164,7.0668321
0.059999999,1.5750574,0.779024,157.04178,8.637249
0.07,1.5758139,0.3879441,157.04184,10.207667
0.079999998,1.5765693,0.19308195,157.04187,11.778086
0.090000004,1.5773244,0.096080109,157.04189,13.348505
0.1,1.5780791,0.047807802,157.0419,14.918923
0.11,1.5788338,0.023787854,157.0419,16.489344
0.12,1.5795884,0.011836458,157.0419,18.059761
0.13,1.5803429,0.0058899112,157.0419,19.63018
0.14,1.5810975,0.0029308724,157.0419,21.2006
0.15000001,1.5818521,0.0014584112,157.0419,22.771019
0.16,1.5826066,0.00072571682,157.0419,24.341438
0.17,1.5833611,0.00036125319,157.0419,25.911858
0.18000001,1.5841156,0.00018021341,157.0419,27.482277
0.19,1.5848702,8.9833695e-05,157.0419,29.052694
0.2,1.5856247,4.4790129e-05,157.0419,30.623114
0.20999999,1.5863793,2.235319e-05,157.0419,32.193535
0.22,1.5871338,1.1132833e-05,157.0419,33.763954
0.23,1.5878884,5.6609733e-06,157.0419,35.33437
0.23999999,1.5886428,3.1349264e-06,157.0419,36.904789
0.25,1.5893973,1.8376006e-06,157.0419,38.475208
0.25999999,1.5901519,1.0229642e-06,157.0419,40.045628
0.27000001,1.5909064,4.5164461e-07,157.0419,41.616047
0.28,1.591661,1.4457156e-07,157.0419,43.186466
0.28999999,1.5924155,3.0449442e-08,157.0419,44.756886
0.30000001,1.59317,-2.3249294e-09,157.0419,46.327305
0.31,1.5939245,-2.7569774e-08,157.0419,47.897724
0.31999999,1.5946791,-3.5173834e-08,157.0419,49.468143
0.33000001,1.5954336,-2.4951394e-08,157.0419,51.038563
0.34,1.5961882,-2.0484592e-08,157.0419,52.608982
0.34999999,1.5969427,-1.6339362e-08,157.0419,54.179401
0.36000001,1.5976973,-1.219413e-08,157.0419,55.749821
0.37,1.5984517,-8.0488984e-09,157.0419,57.32024
0.38,1.5992063,-5.8777276e-09,157.0419,58.890656
0.38999999,1.5999608,-5.1474105e-09,157.0419,60.461075
0.40000001,1.6007154,-4.4170929e-09,157.0419,62.031494
0.41,1.6014699,-3.6867758e-09,157.0419,63.601913
0.41999999,1.6022245,-2.9564586e-09,157.0419,65.172333
0.43000001,1.6029789,-2.2261413e-09,157.0419,66.742752
0.44,1.6037335,-1.495824e-09,157.0419,68.313171
0.44999999,1.604488,-7.6550671e-10,157.0419,69.883591
0.46000001,1.6052426,-3.5189431e-11,157.0419,71.45401
0.47,1.6059971,1.4565833e-10,157.0419,73.024429
0.47999999,1.6067517,1.6842555e-10,157.0419,74.594849
0.49000001,1.6075062,1.9119277e-10,157.0419,76.165268
0.5,1.6082608,2.1395999e-10,157.0419,77.735687
0.50999999,1.6090152,2.3672719e-10,157.0419,79.306107
0.51999998,1.6097698,2.5949443e-10,157.0419,80.876526
0.52999997,1.6105243,2.8226163e-10,157.0419,82.446945
0.54000002,1.6112789,3.0502886e-10,157.0419,84.017365
0.55000001,1.6120334,3.2779607e-10,157.0419,85.587784
0.56,1.612788,3.505633e-10,157.0419,87.158203
0.56999999,1.6135424,3.7333051e-10,157.0419,88.728622
0.57999998,1.614297,3.9609774e-10,157.0419,90.299042
0.58999997,1.6150515,4.1886494e-10,157.0419,91.869461
0.60000002,1.6158061,4.4163218e-10,157.0419,93.43988
0.61000001,1.6165606,4.6439938e-10,157.0419,95.010292
0.62,1.6173152,4.8716658e-10,157.0419,96.580711
0.63,1.6180696,5.0993382e-10,157.0419,98.151131
0.63999999,1.6188242,5.2838223e-10,157.0419,99.72155
0.64999998,1.6195787,5.2627153e-10,157.0419,101.29197
0.66000003,1.6203333,5.2416083e-10,157.0419,102.86239
0.67000002,1.6210878,5.2205013e-10,157.0419,104.43281
0.68000001,1.6218424,5.1993942e-10,157.0419,106.00323
0.69,1.6225969,5.1782872e-10,157.0419,107.57365
0.69999999,1.6233515,5.1571802e-10,157.0419,109.14407
0.70999998,1.6241059,5.1360732e-10,157.0419,110.71449
0.72000003,1.6248605,5.1149662e-10,157.0419,112.2849
0.73000002,1.625615,5.0938592e-10,157.0419,113.85532
0.74000001,1.6263696,5.0727522e-10,157.0419,115.42574
0.75,1.6271241,5.0516452e-10,157.0419,116.99616
0.75999999,1.6278787,5.0305382e-10,157.0419,118.56658
0.76999998,1.6286331,5.0094312e-10,157.0419,120.137
0.77999997,1.6293877,4.9883242e-10,157.0419,121.70742
0.79000002,1.6301422,4.9672172e-10,157.0419,123.27784
0.80000001,1.6308967,4.9461102e-10,157.0419,124.84826
0.81,1.6316513,4.9250032e-10,157.0419,126.41868
0.81999999,1.6324058,4.9038967e-10,157.0419,127.9891
0.82999998,1.6331604,4.8827897e-10,157.0419,129.55951
0.83999997,1.6339148,4.8616827e-10,157.0419,131.12993
0.85000002,1.6346694,4.8405757e-10,157.0419,132.70035
0.86000001,1.6354239,4.8194687e-10,157.0419,134.27077
0.87,1.6361785,4.7983617e-10,157.0419,135.84119
0.88,1.636933,4.7772547e-10,157.0419,137.41161
0.88999999,1.6376876,4.7561477e-10,157.0419,138.98203
0.89999998,1.638442,4.7350407e-10,157.0419,140.55244
0.91000003,1.6391966,4.7139337e-10,157.0419,142.12286
0.92000002,1.6399511,4.6928267e-10,157.0419,143.69328
0.93000001,1.6407057,4.6717197e-10,157.0419,145.2637
0.94,1.6414602,4.6506127e-10,157.0419,146.83412
0.94999999,1.6422148,4.6295057e-10,157.0419,148.40454
0.95999998,1.6429693,4.6083987e-10,157.0419,149.97496
0.97000003,1.6437238,4.5872917e-10,157.0419,151.54538
0.98000002,1.6444783,4.5661847e-10,157.0419,153.1158
0.99000001,1.6452329,4.5450776e-10,157.0419,154.68622
1,1.6459874,4.4746581e-10,157.0419,156.25664
1.01,1.646742,4.4025891e-10,157.0419,157.82706
1.02,1.6474965,4.3305204e-10,157.0419,159.39748
1.03,1.6482511,4.2584516e-10,157.0419,160.9679
1.04,1.6490055,4.1863826e-10,157.0419,162.53831
1.05,1.6497601,4.1143139e-10,157.0419,164.10873
1.0599999,1.6505146,4.0422451e-10,157.0419,165.67915
1.0700001,1.6512692,3.9701764e-10,157.0419,167.24957
1.08,1.6520237,3.8981074e-10,157.0419,168.81999
1.09,1.6527783,3.8260387e-10,157.0419,170.39041
1.1,1.6535327,3.7539699e-10,157.0419,171.96083
1.11,1.6542873,3.6819012e-10,157.0419,173.53125
1.12,1.6550418,3.6098322e-10,157.0419,175.10167
1.13,1.6557964,3.5377634e-10,157.0419,176.67209
1.14,1.6565509,3.4656947e-10,157.0419,178.24251
1.15,1.6573055,3.3936257e-10,157.0419,179.81293
1.16,1.65806,3.3215569e-10,157.0419,181.38335
1.17,1.6588145,3.2494882e-10,157.0419,182.95377
1.1799999,1.659569,3.1774194e-10,157.0419,184.52419
1.1900001,1.6603236,3.1053504e-10,157.0419,186.0946
1.2,1.6610781,3.0332817e-10,157.0419,187.66502
1.21,1.6618327,2.9612129e-10,157.0419,189.23544
1.22,1.6625872,2.8891442e-10,157.0419,190.80586
1.23,1.6633418,2.8170752e-10,157.0419,192.37628
1.24,1.6640962,2.7450064e-10,157.0419,193.9467
1.25,1.6648508,2.6729377e-10,157.0419,195.51712
1.26,1.6656053,2.600869e-10,157.0419,197.08754
1.27,1.6663599,2.5287999e-10,157.0419,198.65796
1.28,1.6671144,2.4567312e-10,157.0419,200.22838
1.29,1.667869,2.3846625e-10,157.0419,201.7988
1.3,1.6686234,2.3125936e-10,157.0419,203.36922
1.3099999,1.669378,2.2405247e-10,157.0419,204.93964
1.3200001,1.6701325,2.168456e-10,157.0419,206.51006
1.33,1.6708871,2.0963871e-10,157.0419,208.08047
1.34,1.6716416,2.0243184e-10,157.0419,209.65089
1.35,1.6723961,1.9522495e-10,157.0419,211.22131
1.36,1.6731507,1.8801807e-10,157.0419,212.79172
1.37,1.6739051,1.8081119e-10,157.0419,214.36214
1.38,1.6746597,1.7360431e-10,157.0419,215.93256
1.39,1.6754142,1.6639742e-10,157.0419,217.50298
1.4,1.6761688,1.5919055e-10,157.0419,219.07339
1.41,1.6769233,1.5198366e-10,157.0419,220.64381
1.42,1.6776779,1.4477677e-10,157.0419,222.21423
1.4299999,1.6784323,1.375699e-10,157.0419,223.78465
1.4400001,1.6791869,1.3036301e-10,157.0419,225.35507
1.45,1.6799414,1.2315614e-10,157.0419,226.92549
1.46,1.680696,1.1594926e-10,157.0419,228.49591
1.47,1.6814505,1.0874238e-10,157.0419,230.06633
1.48,1.6822051,1.0153549e-10,157.0419,231.63675
1.49,1.6829596,9.4328607e-11,157.0419,233.20717
1.5,1.6837142,8.7121726e-11,157.0419,234.77759
1.51,1.6844686,7.9914846e-11,157.0419,236.34801
1.52,1.6852232,7.2707965e-11,157.0419,237.91843
1.53,1.6859777,6.5501084e-11,157.0419,239.48885
1.54,1.6867323,5.8294203e-11,157.0419,241.05927
1.55,1.6874868,5.1087322e-11,157.0419,242.62968
1.5599999,1.6882414,4.3880441e-11,157.0419,244.2001
1.5700001,1.6889958,3.667356e-11,157.0419,245.77052
1.58,1.6897504,2.9466679e-11,157.0419,247.34094
1.59,1.6905049,2.2259796e-11,157.0419,248.91136
1.6,1.6912595,1.5052914e-11,157.0419,250.48178
1.61,1.692014,7.8460329e-12,157.0419,252.0522
1.62,1.6927686,6.391516e-13,157.0419,253.62262
1.63,1.693523,-6.5677299e-12,157.0419,255.19304
1.64,1.6942776,-1.3774612e-11,157.0419,256.76346
1.65,1.6950321,-2.0981493e-11,157.0419,258.33389
1.66,1.6957867,-2.8188374e-11,157.0419,259.9043
1.67,1.6965412,-3.5395256e-11,157.0419,261.4747
1.6799999,1.6972958,-4.2602137e-11,157.0419,263.04514
1.6900001,1.6980503,-4.9809018e-11,157.0419,264.61554
1.7,1.6988049,-5.1890218e-11,157.0419,266.18597
1.71,1.6995593,-4.987364e-11,157.0419,267.75638
1.72,1.7003139,-4.7857062e-11,157.0419,269.32681
1.73,1.7010684,-4.5840484e-11,157.0419,270.89722
1.74,1.701823,-4.3823903e-11,157.0419,272.46765
1.75,1.7025775,-4.1807325e-11,157.0419,274.03806
1.76,1.7033321,-3.9790747e-11,157.0419,275.60849
1.77,1.7040865,-3.7774169e-11,157.0419,277.17889
1.78,1.7048411,-3.5757591e-11,157.0419,278.74933
1.79,1.7055956,-3.3741013e-11,157.0419,280.31973
1.8,1.7063502,-3.1724436e-11,157.0419,281.89017
1.8099999,1.7071047,-2.9707858e-11,157.0419,283.46057
1.8200001,1.7078593,-2.7691278e-11,157.0419,285.03101
1.83,1.7086138,-2.56747e-11,157.0419,286.60141
1.84,1.7093683,-2.3658122e-11,157.0419,288.17184
1.85,1.7101228,-2.1641544e-11,157.0419,289.74225
1.86,1.7108774,-1.9624967e-11,157.0419,291.31268
1.87,1.7116319,-1.7608389e-11,157.0419,292.88309
1.88,1.7123865,-1.5591809e-11,157.0419,294.45352
1.89,1.713141,-1.3575231e-11,157.0419,296.02393
1.9,1.7138954,-1.1558653e-11,157.0419,297.59436
1.91,1.71465,-9.5420755e-12,157.0419,299.16476
1.92,1.7154045,-7.5254967e-12,157.0419,300.7352
1.9299999,1.7161591,-5.5089188e-12,157.0419,302.3056
1.9400001,1.7169136,-3.4923405e-12,157.0419,303.87604
1.95,1.7176682,-1.4757622e-12,157.0419,305.44644
1.96,1.7184227,5.4081593e-13,157.0419,307.01688
1.97,1.7191772,2.5573942e-12,157.0419,308.58728
1.98,1.7199317,4.5739723e-12,157.0419,310.15771
1.99,1.7206863,6.5905506e-12,157.0419,311.72812
2,1.7214408,8.6071289e-12,157.0419,313.29855
2.01,1.7221954,1.0623707e-11,157.0419,314.86896
2.02,1.7229499,1.2640286e-11,157.0419,316.43939
2.03,1.7237045,1.4656863e-11,157.0419,318.0098
2.04,1.7244589,1.6673442e-11,157.0419,319.58023
2.05,1.7252135,1.869002e-11,157.0419,321.15063
2.0599999,1.725968,2.0706598e-11,157.0419,322.72107
2.0699999,1.7267226,2.2723176e-11,157.0419,324.29147
2.0799999,1.7274771,2.4739754e-11,157.0419,325.86191
2.0899999,1.7282317,2.6756333e-11,157.0419,327.43231
2.0999999,1.7289861,2.8772911e-11,157.0419,329.00275
2.1099999,1.7297407,3.0789489e-11,157.0419,330.57315
2.1199999,1.7304952,3.2806067e-11,157.0419,332.14359
2.1300001,1.7312498,3.4822645e-11,157.0419,333.71399
2.1400001,1.7320043,3.6839223e-11,157.0419,335.28442
2.1500001,1.7327589,3.8855801e-11,157.0419,336.85483
2.1600001,1.7335134,4.0872378e-11,157.0419,338.42526
2.1700001,1.734268,4.288896e-11,157.0419,339.99567
2.1800001,1.7350224,4.4905538e-11,157.0419,341.5661
2.1900001,1.735777,4.6922115e-11,157.0419,343.13651
2.2,1.7365315,4.8938693e-11,157.0419,344.70694
2.21,1.7372861,5.0955271e-11,157.0419,346.27734
2.22,1.7380406,5.2971849e-11,157.0419,347.84778
2.23,1.7387952,5.4988427e-11,157.0419,349.41818
2.24,1.7395496,5.7005005e-11,157.0419,350.98862
2.25,1.7403042,5.9021586e-11,157.0419,352.55902
2.26,1.7410587,6.1038161e-11,157.0419,354.12946
2.27,1.7418133,6.3054742e-11,157.0419,355.69986
2.28,1.7425678,6.5071316e-11,157.0419,357.27026
2.29,1.7433224,6.7087898e-11,157.0419,358.8407
2.3,1.7440768,6.9104472e-11,157.0419,360.4111
2.3099999,1.7448314,7.1121053e-11,157.0419,361.98154
2.3199999,1.7455859,7.3137628e-11,157.0419,363.55194
2.3299999,1.7463405,7.5154209e-11,157.0419,365.12238
2.3399999,1.747095,7.7170791e-11,157.0419,366.69278
2.3499999,1.7478496,7.9187365e-11,157.0419,368.26321
2.3599999,1.7486041,8.1203946e-11,157.0419,369.83362
2.3699999,1.7493587,8.3220521e-11,157.0419,371.40405
2.3800001,1.7501131,8.5237102e-11,157.0419,372.97446
2.3900001,1.7508677,8.7253677e-11,157.0419,374.54489
2.4000001,1.7516222,8.9270258e-11,157.0419,376.1153
2.4100001,1.7523768,9.1286832e-11,157.0419,377.68573
2.4200001,1.7531313,9.3303414e-11,157.0419,379.25613
2.4300001,1.7538859,9.5319995e-11,157.0419,380.82657
2.4400001,1.7546403,9.7336569e-11,157.0419,382.39697
2.45,1.7553948,9.9353151e-11,157.0419,383.96741
2.46,1.7561494,1.0136973e-10,157.0419,385.53781
2.47,1.7569039,1.0338631e-10,157.0419,387.10825
2.48,1.7576585,1.0540288e-10,157.0419,388.67865
2.49,1.758413,1.0741946e-10,157.0419,390.24908
2.5,1.7591676,1.0943604e-10,157.0419,391.81949
2.51,1.759922,1.1145262e-10,157.0419,393.38992
2.52,1.7606766,1.1346919e-10,157.0419,394.96033
2.53,1.7614311,1.1548577e-10,157.0419,396.53076
2.54,1.7621857,1.1750236e-10,157.0419,398.10117
2.55,1.7629402,1.1951894e-10,157.0419,399.6716
2.5599999,1.7636948,1.215355e-10,157.0419,401.242
2.5699999,1.7644492,1.2355209e-10,157.0419,402.81244
2.5799999,1.7652038,1.2556867e-10,157.0419,404.38284
2.5899999,1.7659583,1.2758525e-10,157.0419,405.95328
2.5999999,1.7667129,1.2960182e-10,157.0419,407.52368
2.6099999,1.7674674,1.316184e-10,157.0419,409.09412
2.6199999,1.768222,1.3363498e-10,157.0419,410.66452
2.6300001,1.7689764,1.3565156e-10,157.0419,412.23495
2.6400001,1.769731,1.3766813e-10,157.0419,413.80536
2.6500001,1.7704855,1.3968471e-10,157.0419,415.37579
2.6600001,1.7712401,1.4170129e-10,157.0419,416.9462
2.6700001,1.7719946,1.4371787e-10,157.0419,418.51663
2.6800001,1.7727492,1.4573445e-10,157.0419,420.08704
2.6900001,1.7735037,1.4775102e-10,157.0419,421.65747
2.7,1.7742583,1.497676e-10,157.0419,423.22787
2.71,1.7750127,1.5178418e-10,157.0419,424.79831
2.72,1.7757673,1.5380076e-10,157.0419,426.36871
2.73,1.7765218,1.5581733e-10,157.0419,427.93915
2.74,1.7772764,1.5783391e-10,157.0419,429.50955
2.75,1.7780309,1.5985049e-10,157.0419,431.07999
2.76,1.7787855,1.6186708e-10,157.0419,432.65039
2.77,1.7795399,1.6388366e-10,157.0419,434.22083
2.78,1.7802945,1.6590022e-10,157.0419,435.79123
2.79,1.781049,1.6791681e-10,157.0419,437.36166
2.8,1.7818036,1.6993339e-10,157.0419,438.93207
2.8099999,1.7825581,1.7194997e-10,157.0419,440.5025
2.8199999,1.7833127,1.7396654e-10,157.0419,442.07291
2.8299999,1.7840672,1.7598312e-10,157.0419,443.64334
2.8399999,1.7848217,1.779997e-10,157.0419,445.21375
2.8499999,1.7855762,1.8001628e-10,157.0419,446.78418
2.8599999,1.7863308,1.8203286e-10,157.0419,448.35458
2.8699999,1.7870853,1.8404943e-10,157.0419,449.92502
2.8800001,1.7878399,1.8606601e-10,157.0419,451.49542
2.8900001,1.7885944,1.8808259e-10,157.0419,453.06583
2.9000001,1.789349,1.9009917e-10,157.0419,454.63626
2.9100001,1.7901034,1.9211574e-10,157.0419,456.20667
2.9200001,1.790858,1.9413232e-10,157.0419,457.7771
2.9300001,1.7916125,1.961489e-10,157.0419,459.3475
2.9400001,1.7923671,1.9816548e-10,157.0419,460.91794
2.95,1.7931216,2.0018205e-10,157.0419,462.48834
2.96,1.7938762,2.0219863e-10,157.0419,464.05878
2.97,1.7946306,2.0421521e-10,157.0419,465.62918
2.98,1.7953852,2.062318e-10,157.0419,467.19962
2.99,1.7961397,2.0824838e-10,157.0419,468.77002
3,1.7968942,2.1026494e-10,157.0419,470.34045
3.01,1.7976488,2.1228153e-10,157.0419,471.91086
3.02,1.7984033,2.1429811e-10,157.0419,473.48129
3.03,1.7991579,2.1631469e-10,157.0419,475.0517
3.04,1.7999123,2.1833126e-10,157.0419,476.62213
3.05,1.8006669,2.2034784e-10,157.0419,478.19254
3.0599999,1.8014214,2.2236442e-10,157.0419,479.76297
3.0699999,1.802176,2.24381e-10,157.0419,481.33337
3.0799999,1.8029305,2.2639758e-10,157.0419,482.90381
3.0899999,1.8036851,2.2841415e-10,157.0419,484.47421
3.0999999,1.8044395,2.3043073e-10,157.0419,486.04465
3.1099999,1.8051941,2.2920864e-10,157.0419,487.61505
3.1199999,1.8059486,2.2680012e-10,157.0419,489.18549
3.1300001,1.8067032,2.2439159e-10,157.0419,490.75589
3.1400001,1.8074577,2.2198306e-10,157.0419,492.32632
3.1500001,1.8082123,2.1957454e-10,157.0419,493.89673
3.1600001,1.8089668,2.1716601e-10,157.0419,495.46716
3.1700001,1.8097214,2.1475748e-10,157.0419,497.03757
3.1800001,1.8104758,2.1234896e-10,157.0419,498.608
3.1900001,1.8112304,2.0994043e-10,157.0419,500.17841
3.2,1.8119849,2.0753189e-10,157.0419,501.74884
3.21,1.8127395,2.0512338e-10,157.0419,503.31924
3.22,1.813494,2.0271484e-10,157.0419,504.88968
3.23,1.8142486,2.0030631e-10,157.0419,506.46008
3.24,1.815003,1.978978e-10,157.0419,508.03052
3.25,1.8157576,1.9548926e-10,157.0419,509.60092
3.26,1.8165121,1.9308073e-10,157.0419,511.17136
3.27,1.8172667,1.9067221e-10,157.0419,512.74176
3.28,1.8180212,1.8826368e-10,157.0419,514.31219
3.29,1.8187758,1.8585515e-10,157.0419,515.88263
3.3,1.8195302,1.8344663e-10,157.0419,517.453
3.3099999,1.8202848,1.810381e-10,157.0419,519.02344
3.3199999,1.8210393,1.7862958e-10,157.0419,520.59387
3.3299999,1.8217939,1.7622105e-10,157.0419,522.16431
3.3399999,1.8225484,1.7381252e-10,157.0419,523.73468
3.3499999,1.823303,1.71404e-10,157.0419,525.30511
3.3599999,1.8240575,1.6899547e-10,157.0419,526.87555
3.3699999,1.8248121,1.6658694e-10,157.0419,528.44598
3.3800001,1.8255665,1.6417842e-10,157.0419,530.01636
3.3900001,1.8263211,1.6176989e-10,157.0419,531.58679
3.4000001,1.8270756,1.5936136e-10,157.0419,533.15723
3.4100001,1.8278302,1.5695284e-10,157.0419,534.72766
3.4200001,1.8285847,1.5454431e-10,157.0419,536.29803
3.4300001,1.8293393,1.5213578e-10,157.0419,537.86847
3.4400001,1.8300937,1.4972726e-10,157.0419,539.4389
3.45,1.8308483,1.4731873e-10,157.0419,541.00934
3.46,1.8316028,1.4491019e-10,157.0419,542.57971
3.47,1.8323574,1.4250168e-10,157.0419,544.15015
3.48,1.8331119,1.4009315e-10,157.0419,545.72058
3.49,1.8338665,1.3768461e-10,157.0419,547.29095
3.5,1.834621,1.352761e-10,157.0419,548.86139
3.51,1.8353755,1.3286756e-10,157.0419,550.43182
3.52,1.83613,1.3045903e-10,157.0419,552.00226
3.53,1.8368846,1.2805051e-10,157.0419,553.57263
3.54,1.8376391,1.2564198e-10,157.0419,555.14307
3.55,1.8383936,1.2323345e-10,157.0419,556.7135
3.5599999,1.8391482,1.2082493e-10,157.0419,558.28394
3.5699999,1.8399026,1.184164e-10,157.0419,559.85431
3.5799999,1.8406572,1.1600788e-10,157.0419,561.42474
3.5899999,1.8414117,1.1359935e-10,157.0419,562.99518
3.5999999,1.8421663,1.1119082e-10,157.0419,564.56561
3.6099999,1.8429208,1.087823e-10,157.0419,566.13599
3.6199999,1.8436754,1.0637376e-10,157.0419,567.70642
3.6300001,1.8444299,1.0396524e-10,157.0419,569.27686
3.6400001,1.8451844,1.0155671e-10,157.0419,570.84729
3.6500001,1.8459389,9.914819e-11,157.0419,572.41766
3.6600001,1.8466935,9.6739658e-11,157.0419,573.9881
3.6700001,1.847448,9.4331133e-11,157.0419,575.55853
3.6800001,1.8482026,9.1922608e-11,157.0419,577.12897
3.6900001,1.8489571,8.9514077e-11,157.0419,578.69934
3.7,1.8497117,8.7105552e-11,157.0419,580.26978
3.71,1.8504661,8.4697027e-11,157.0419,581.84021
3.72,1.8512207,8.2288495e-11,157.0419,583.41064
3.73,1.8519752,7.9879971e-11,157.0419,584.98102
3.74,1.8527298,7.7471446e-11,157.0419,586.55145
3.75,1.8534843,7.5062914e-11,157.0419,588.12189
3.76,1.8542389,7.2654389e-11,157.0419,589.69232
3.77,1.8549933,7.0245865e-11,157.0419,591.2627
3.78,1.8557479,6.7837333e-11,157.0419,592.83313
3.79,1.8565024,6.5428808e-11,157.0419,594.40356
3.8,1.857257,6.3020283e-11,157.0419,595.974
3.8099999,1.8580115,6.0611752e-11,157.0419,597.54437
3.8199999,1.8587661,5.8203227e-11,157.0419,599.11481
3.8299999,1.8595206,5.5794702e-11,157.0419,600.68524
3.8399999,1.8602751,5.3386174e-11,157.0419,602.25568
3.8499999,1.8610296,5.0977646e-11,157.0419,603.82605
3.8599999,1.8617842,4.8569121e-11,157.0419,605.39648
3.8699999,1.8625387,4.6160593e-11,157.0419,606.96692
3.8800001,1.8632933,4.3752064e-11,157.0419,608.53735
3.8900001,1.8640478,4.134354e-11,157.0419,610.10773
3.9000001,1.8648024,3.8935011e-11,157.0419,611.67816
3.9100001,1.8655568,3.6526483e-11,157.0419,613.2486
3.9200001,1.8663114,3.4117958e-11,157.0419,614.81903
3.9300001,1.8670659,3.170943e-11,157.0419,616.3894
3.9400001,1.8678205,2.9300905e-11,157.0419,617.95984
3.95,1.868575,2.6892377e-11,157.0419,619.53027
3.96,1.8693296,2.4483851e-11,157.0419,621.10071
3.97,1.870084,2.2075322e-11,157.0419,622.67108
3.98,1.8708386,1.9666796e-11,157.0419,624.24152
3.99,1.8715931,1.7258269e-11,157.0419,625.81195
4,1.8723477,1.4849741e-11,157.0419,627.38239
4.0100002,1.8731022,1.2441215e-11,157.0419,628.95276
4.02,1.8738568,1.0032688e-11,157.0419,630.52319
4.0300002,1.8746113,7.6241609e-12,157.0419,632.09363
4.04,1.8753659,5.2156339e-12,157.0419,633.66406
4.0500002,1.8761203,2.8071072e-12,157.0419,635.23444
4.0599999,1.8768749,3.9858012e-13,157.0419,636.80487
4.0700002,1.8776294,-2.0099469e-12,157.0419,638.37531
4.0799999,1.878384,-4.4184738e-12,157.0419,639.94574
4.0900002,1.8791385,-6.8270008e-12,157.0419,641.51611
4.0999999,1.8798931,-9.2355281e-12,157.0419,643.08655
4.1100001,1.8806475,-1.1644055e-11,157.0419,644.65698
4.1199999,1.881402,-1.4052582e-11,157.0419,646.22736
4.1300001,1.8821566,-1.6461109e-11,157.0419,647.79779
4.1399999,1.8829111,-1.8869635e-11,157.0419,649.36823
4.1500001,1.8836657,-2.1278163e-11,157.0419,650.93866
4.1599998,1.8844202,-2.368669e-11,157.0419,652.50903
4.1700001,1.8851748,-2.6095216e-11,157.0419,654.07947
4.1799998,1.8859292,-2.8503745e-11,157.0419,655.6499
4.1900001,1.8866838,-3.0912269e-11,157.0419,657.22034
4.1999998,1.8874383,-3.3320798e-11,157.0419,658.79071
4.21,1.8881929,-3.5729326e-11,157.0419,660.36115
4.2199998,1.8889474,-3.8137851e-11,157.0419,661.93158
4.23,1.889702,-4.0546379e-11,157.0419,663.50201
4.2399998,1.8904564,-4.2954907e-11,157.0419,665.07239
4.25,1.891211,-4.5363432e-11,157.0419,666.64282
4.2600002,1.8919655,-4.777196e-11,157.0419,668.21326
4.27,1.8927201,-5.0180485e-11,157.0419,669.78369
4.2800002,1.8934746,-5.2589013e-11,157.0419,671.35406
4.29,1.8942292,-5.4997541e-11,157.0419,672.9245
4.3000002,1.8949836,-5.7406066e-11,157.0419,674.49493
4.3099999,1.8957382,-5.9814598e-11,157.0419,676.06537
4.3200002,1.8964927,-6.2223122e-11,157.0419,677.63574
4.3299999,1.8972473,-6.4631647e-11,157.0419,679.20618
4.3400002,1.8980018,-6.7040172e-11,157.0419,680.77661
4.3499999,1.8987564,-6.9448704e-11,157.0419,682.34705
4.3600001,1.8995109,-7.1857229e-11,157.0419,683.91742
4.3699999,1.9002655,-7.4265753e-11,157.0419,685.48785
4.3800001,1.9010199,-7.6674285e-11,157.0419,687.05829
4.3899999,1.9017745,-7.908281e-11,157.0419,688.62872
4.4000001,1.902529,-8.1491335e-11,157.0419,690.1991
4.4099998,1.9032836,-8.3899866e-11,157.0419,691.76953
4.4200001,1.9040381,-8.6308391e-11,157.0419,693.33997
4.4299998,1.9047927,-8.8716916e-11,157.0419,694.9104
4.4400001,1.9055471,-9.1125447e-11,157.0419,696.48077
4.4499998,1.9063017,-9.3533972e-11,157.0419,698.05121
4.46,1.9070562,-9.5942497e-11,157.0419,699.62164
4.4699998,1.9078108,-9.8351029e-11,157.0419,701.19208
4.48,1.9085653,-1.0075955e-10,157.0419,702.76245
4.4899998,1.9093199,-1.0316808e-10,157.0419,704.33289
4.5,1.9100744,-1.0557661e-10,157.0419,705.90332
4.5100002,1.9108515,8.2838163,157.03883,707.47369
4.52,1.9117235,25.967398,157.03299,709.04407
4.5300002,1.9127231,47.788177,157.02623,710.61438
4.54,1.913862,71.58046,157.0191,712.18463
4.5500002,1.9151452,96.340561,157.01181,713.75476
4.5599999,1.9165752,121.58114,157.00444,715.32483
4.5700002,1.9181533,147.06174,156.99701,716.89484
4.5799999,1.9198802,172.66281,156.98956,718.46478
4.5900002,1.9217561,198.32509,156.9821,720.03461
4.5999999,1.9237813,224.01906,156.97464,721.60443
4.6100001,1.9259558,249.73004,156.96716,723.17413
4.6199999,1.9282798,275.45074,156.95969,724.74377
4.6300001,1.9307534,301.17755,156.95221,726.31329
4.6399999,1.9333766,326.90857,156.94473,727.88281
4.6500001,1.9361494,352.64288,156.93724,729.45221
4.6599998,1.9390719,378.38013,156.92976,731.02155
4.6700001,1.9421443,404.12012,156.92227,732.59082
4.6799998,1.9453665,429.86273,156.91478,734.15997
4.6900001,1.9487386,455.60785,156.90729,735.72913
4.6999998,1.9522606,481.35544,156.89978,737.29816
4.71,1.9559326,507.10553,156.89227,738.86713
4.7199998,1.9597547,532.85809,156.88478,740.43597
4.73,1.963727,558.6131,156.87727,742.00482
4.7399998,1.9678494,584.37061,156.86975,743.57355
4.75,1.972122,610.13062,156.86224,745.14221
4.7600002,1.9765449,635.89313,156.85474,746.71075
4.77,1.9811181,661.65808,156.84721,748.2793
4.7800002,1.9858418,687.4256,156.83969,749.84772
4.79,1.9907159,713.19556,156.83217,751.41608
4.8000002,1.9957405,738.96802,156.82463,752.98438
4.8099999,2.0009158,764.74298,156.81711,754.55255
4.8200002,2.0062416,790.52039,156.80957,756.12073
4.8299999,2.011718,816.30035,156.80203,757.68878
4.8400002,2.0173454,842.08282,156.79449,759.25677
4.8499999,2.0231235,867.86774,156.78696,760.82465
4.8600001,2.0290523,893.65521,156.77942,762.39252
4.8699999,2.0351322,919.44519,156.77187,763.96027
4.8800001,2.041363,945.23761,156.76431,765.52795
4.8899999,2.0477448,971.03259,156.75676,767.09552
4.9000001,2.0542779,996.83008,156.74921,768.66309
4.9099998,2.060962,1022.6301,156.74165,770.23053
4.9200001,2.0677972,1048.4326,156.73409,771.79791
4.9299998,2.0747838,1074.2377,156.72652,773.36517
4.9400001,2.0819218,1100.0452,156.71895,774.93243
4.9499998,2.089211,1125.8552,156.71138,776.49957
4.96,2.0966518,1151.6678,156.70381,778.06665
4.9699998,2.1042442,1177.483,156.69623,779.63367
4.98,2.1119881,1203.3007,156.68864,781.20056
4.9899998,2.1198835,1229.1208,156.68106,782.7674
5,2.1279306,1254.9435,156.67348,784.33423
5.0100002,2.1361296,1280.7687,156.66589,785.90088
5.02,2.1444805,1306.5964,156.65829,787.46753
5.0300002,2.152983,1332.4268,156.65071,789.03406
5.04,2.1616375,1358.2596,156.64311,790.60052
5.0500002,2.1704443,1384.095,156.63551,792.16693
5.0599999,2.1794028,1409.933,156.6279,793.73322
5.0700002,2.1885135,1435.7734,156.6203,795.2995
5.0799999,2.1977766,1461.6165,156.61269,796.86566
5.0900002,2.2071917,1487.4619,156.60507,798.43176
5.0999999,2.216759,1513.3101,156.59746,799.99774
5.1100001,2.2264788,1539.1608,156.58983,801.56366
5.1199999,2.2363513,1565.0139,156.58221,803.12952
5.1300001,2.246376,1590.8698,156.57458,804.69531
5.1399999,2.2565532,1616.728,156.56696,806.26105
5.1500001,2.2668831,1642.5889,156.55933,807.82666
5.1599998,2.2773659,1668.4524,156.5517,809.39221
5.1700001,2.2880011,1694.3184,156.54405,810.9577
5.1799998,2.2987893,1720.1869,156.53641,812.52313
5.1900001,2.3097303,1746.0581,156.52876,814.08844
5.1999998,2.3208241,1771.9318,156.52112,815.65369
5.21,2.3320711,1797.8081,156.51347,817.21887
5.2199998,2.3434711,1823.6869,156.50581,818.78394
5.23,2.3550241,1849.5684,156.49815,820.34894
5.2399998,2.3667302,1875.4524,156.49049,821.91394
5.25,2.3785899,1901.339,156.48283,823.47876
5.2600002,2.3906026,1927.2281,156.47516,825.04358
5.27,2.4027689,1953.1199,156.4675,826.60828
5.2800002,2.4150887,1979.0143,156.45982,828.17291
5.29,2.4275618,2004.9111,156.45215,829.73749
5.3000002,2.4401884,2030.8107,156.44446,831.30194
5.3099999,2.4529688,2056.7129,156.43678,832.86639
5.3200002,2.4659028,2082.6174,156.42909,834.43066
5.3299999,2.4789906,2108.5249,156.4214,835.99493
5.3400002,2.4922323,2134.4348,156.41371,837.55914
5.3499999,2.5056279,2160.3472,156.40601,839.12323
5.3600001,2.5191772,2186.2625,156.39832,840.68726
5.3699999,2.5328808,2212.1802,156.39061,842.25116
5.3800001,2.5467384,2238.1003,156.3829,843.81506
5.3899999,2.5607502,2264.0234,156.3752,845.37885
5.4000001,2.5749161,2289.949,156.36748,846.94257
5.4099998,2.5892365,2315.877,156.35976,848.50616
5.4200001,2.6037114,2341.8079,156.35205,850.06976
5.4299998,2.6183405,2367.7412,156.34431,851.63324
5.4400001,2.6331241,2393.6772,156.33659,853.19666
5.4499998,2.6480622,2419.616,156.32886,854.75995
5.46,2.6631551,2445.5571,156.32114,856.32324
5.4699998,2.6784024,2471.501,156.3134,857.88641
5.48,2.6938047,2497.4475,156.30565,859.44946
5.4899998,2.7093618,2523.3967,156.29791,861.01251
5.5,2.7250738,2549.3484,156.29016,862.57544
5.5100002,2.7409408,2575.303,156.28241,864.13831
5.52,2.7569628,2601.26,156.27466,865.70111
5.5300002,2.77314,2627.2197,156.26691,867.26379
5.54,2.7894723,2653.1821,156.25914,868.82642
5.5500002,2.8059599,2679.147,156.25137,870.38898
5.5599999,2.822603,2705.1147,156.24361,871.95148
5.5700002,2.8394012,2731.085,156.23584,873.51385
5.5799999,2.856355,2757.0579,156.22806,875.07617
5.5900002,2.8734641,2783.0334,156.22029,876.63843
5.5999999,2.8907292,2809.0117,156.21251,878.20056
5.6100001,2.9081495,2834.9927,156.20471,879.76263
5.6199999,2.9257259,2860.9763,156.19693,881.32465
5.6300001,2.9434578,2886.9624,156.18913,882.8866
5.6399999,2.9613457,2912.9514,156.18134,884.44843
5.6500001,2.9793897,2938.9429,156.17354,886.01025
5.6599998,2.9975896,2964.9373,156.16574,887.5719
5.6700001,3.0159457,2990.9341,156.15793,889.13354
5.6799998,3.0344579,3016.9336,156.15012,890.69507
5.6900001,3.0531263,3042.936,156.1423,892.25653
5.6999998,3.0719512,3068.9409,156.13449,893.81793
5.71,3.0909321,3094.9485,156.12666,895.37921
5.7199998,3.1100698,3120.959,156.11885,896.94049
5.73,3.1293638,3146.9719,156.11102,898.50159
5.7399998,3.1488147,3172.9875,156.10318,900.06268
5.75,3.168422,3199.0061,156.09535,901.62366
5.7600002,3.1881862,3225.0271,156.08751,903.18457
5.77,3.208107,3251.0508,156.07967,904.74542
5.7800002,3.2281849,3277.0774,156.07182,906.30621
5.79,3.2484198,3303.1064,156.06396,907.86688
5.8000002,3.2688115,3329.1384,156.05612,909.42749
5.8099999,3.2893605,3355.1731,156.04826,910.98798
5.8200002,3.3100665,3381.2104,156.04041,912.5484
5.8299999,3.33093,3407.2505,156.03253,914.10876
5.8400002,3.3519506,3433.2932,156.02466,915.66907
5.8499999,3.3731287,3459.3386,156.01678,917.22931
5.8600001,3.3944643,3485.3867,156.00891,918.78943
5.8699999,3.4159575,3511.4377,156.00104,920.34949
5.8800001,3.4376082,3537.4912,155.99315,921.90942
5.8899999,3.4594169,3563.5476,155.98526,923.4693
5.9000001,3.4813831,3589.6067,155.97737,925.02911
5.9099998,3.5035071,3615.6685,155.96948,926.58887
5.9200001,3.5257893,3641.7332,155.96158,928.14856
5.9299998,3.5482295,3667.8003,155.95367,929.70813
5.9400001,3.5708277,3693.8704,155.94577,931.26758
5.9499998,3.5935841,3719.9431,155.93787,932.82703
5.96,3.6164987,3746.0188,155.92995,934.38635
5.9699998,3.6395717,3772.0969,155.92203,935.94562
5.98,3.6628032,3798.178,155.91411,937.50482
5.9899998,3.686193,3824.2617,155.90617,939.0639
6,3.7097414,3850.3484,155.89825,940.62292
6.0100002,3.7334485,3876.4375,155.89032,942.18188
6.02,3.7573142,3902.5295,155.88237,943.74072
6.0300002,3.7813387,3928.6245,155.87444,945.2995
6.04,3.8055222,3954.7219,155.86649,946.85822
6.0500002,3.8298645,3980.8223,155.85854,948.41687
6.0599999,3.8543661,4006.9255,155.85059,949.9754
6.0700002,3.8790264,4033.0312,155.84264,951.53387
6.0799999,3.9038463,4059.1401,155.83467,953.09222
6.0900002,3.9288251,4085.2515,155.82671,954.65057
6.0999999,3.9539635,4111.3657,155.81874,956.2088
6.1100001,3.9792612,4137.4829,155.81076,957.76691
6.1199999,4.0047183,4163.6025,155.80278,959.32501
6.1300001,4.0303354,4189.7251,155.7948,960.883
6.1399999,4.0561118,4215.8506,155.78682,962.44092
6.1500001,4.0820479,4241.9785,155.77882,963.99872
6.1599998,4.1081438,4268.1099,155.77083,965.55646
6.1700001,4.1343999,4294.2437,155.76283,967.11414
6.1799998,4.1608162,4320.3799,155.75484,968.67169
6.1900001,4.1873922,4346.5195,155.74683,970.22925
6.1999998,4.214128,4372.6616,155.73882,971.78668
6.21,4.2410245,4398.8066,155.7308,973.34399
6.2199998,4.2680812,4424.9546,155.72279,974.90125
6.23,4.2952986,4451.105,155.71477,976.45844
6.2399998,4.3226762,4477.2588,155.70674,978.01556
6.25,4.3502145,4503.415,155.69872,979.57257
6.2600002,4.377913,4529.5742,155.69067,981.12952
6.27,4.4057727,4555.7363,155.68263,982.6864
6.2800002,4.4337931,4581.9009,155.67459,984.24323
6.29,4.4619746,4608.0684,155.66655,985.79993
6.3000002,4.4903169,4634.2388,155.65849,987.35651
6.3099999,4.5188203,4660.4121,155.65044,988.91309
6.3200002,4.5474844,4686.5884,155.64238,990.46954
6.3299999,4.5763102,4712.7676,155.63432,992.02594
6.3400002,4.6052976,4738.9492,155.62625,993.58221
6.3499999,4.6344457,4765.1343,155.61818,995.13843
6.3600001,4.6637559,4791.3218,155.61009,996.69458
6.3699999,4.6932273,4817.5122,155.60202,998.25067
6.3800001,4.7228603,4843.7051,155.59393,999.80664
6.3899999,4.7526555,4869.9014,155.58585,1001.3625
6.4000001,4.7826118,4896.1006,155.57774,1002.9183
6.4099998,4.8127308,4922.3022,155.56966,1004.4741
6.4200001,4.8430114,4948.5073,155.56155,1006.0297
6.4299998,4.8734541,4974.7148,155.55344,1007.5853
6.4400001,4.9040589,5000.9253,155.54533,1009.1408
6.4499998,4.9348264,5027.1387,155.53722,1010.6962
6.46,4.9657559,5053.355,155.5291,1012.2515
6.4699998,4.9968476,5079.5742,155.52097,1013.8068
6.48,5.0281024,5105.7964,155.51285,1015.3619
6.4899998,5.0595198,5132.021,155.50471,1016.9171
6.5,5.0910993,5158.249,155.49657,1018.472
6.5100002,5.1228423,5184.48,155.48843,1020.027
6.52,5.1547475,5210.7134,155.48029,1021.5818
6.5300002,5.1868162,5236.9502,155.47214,1023.1366
6.54,5.219048,5263.1895,155.46397,1024.6913
6.5500002,5.2514424,5289.4321,155.45583,1026.2458
6.5599999,5.2840004,5315.6772,155.44765,1027.8004
6.5700002,5.3167219,5341.9258,155.43948,1029.3549
6.5799999,5.3496065,5368.1768,155.43132,1030.9092
6.5900002,5.3826547,5394.4307,155.42314,1032.4635
6.5999999,5.4158664,5420.688,155.41495,1034.0177
6.6100001,5.4492421,5446.9478,155.40677,1035.5718
6.6199999,5.4827814,5473.2109,155.39857,1037.1257
6.6300001,5.5164847,5499.4766,155.39038,1038.6797
6.6399999,5.5503516,5525.7456,155.38217,1040.2336
6.6500001,5.584383,5552.0171,155.37398,1041.7874
6.6599998,5.6185784,5578.292,155.36577,1043.3411
6.6700001,5.6529379,5604.5693,155.35754,1044.8947
6.6799998,5.6874619,5630.8501,155.34933,1046.4482
6.6900001,5.7221498,5657.1333,155.34111,1048.0017
6.6999998,5.7570028,5683.4199,155.33287,1049.5551
6.71,5.7920203,5709.7095,155.32465,1051.1083
6.7199998,5.8272023,5736.002,155.31641,1052.6615
6.73,5.8625493,5762.2974,155.30817,1054.2146
6.7399998,5.8980613,5788.5957,155.29991,1055.7677
6.75,5.9337382,5814.897,155.29167,1057.3207
6.7600002,5.9695802,5841.2017,155.28342,1058.8735
6.77,6.0055871,5867.5088,155.27515,1060.4263
6.7800002,6.0417595,5893.8193,155.26688,1061.979
6.79,6.0780973,5920.1323,155.25861,1063.5316
6.8000002,6.1146007,5946.4487,155.25034,1065.0842
6.8099999,6.1512694,5972.7681,155.24205,1066.6367
6.8200002,6.1881042,5999.0903,155.23376,1068.1891
6.8299999,6.2251043,6025.4155,155.22548,1069.7413
6.8400002,6.26227,6051.7441,155.21719,1071.2936
6.8499999,6.299602,6078.0752,155.20889,1072.8457
6.8600001,6.3371,6104.4097,155.20058,1074.3977
6.8699999,6.3747644,6130.7471,155.19228,1075.9497
6.8800001,6.4125948,6157.0874,155.18396,1077.5016
6.8899999,6.4505916,6183.4307,155.17564,1079.0533
6.9000001,6.4887543,6209.7773,155.16731,1080.6051
6.9099998,6.5270839,6236.127,155.15898,1082.1567
6.9200001,6.5655804,6262.4795,155.15065,1083.7083
6.9299998,6.6042433,6288.835,155.14232,1085.2598
6.9400001,6.6430731,6315.1934,155.13397,1086.8112
6.9499998,6.6820698,6341.5552,155.12563,1088.3624
6.96,6.7212334,6367.9199,155.11726,1089.9136
6.9699998,6.7605643,6394.2876,155.10892,1091.4647
6.98,6.8000627,6420.6587,155.10056,1093.0157
6.9899998,6.8397279,6447.0322,155.09218,1094.5668
7,6.8795609,6473.4092,155.0838,1096.1177
7.0100002,6.9195609,6499.7896,155.07542,1097.6685
7.02,6.9597292,6526.1724,155.06705,1099.2191
7.0300002,7.0000648,6552.5586,155.05865,1100.7698
7.04,7.0405684,6578.9478,155.05026,1102.3203
7.0500002,7.0812397,6605.3403,155.04187,1103.8708
7.0599999,7.1220794,6631.7358,155.03346,1105.4211
7.0700002,7.1630869,6658.1343,155.02505,1106.9714
7.0799999,7.2042627,6684.5356,155.01663,1108.5217
7.0900002,7.2456074,6710.9404,155.00821,1110.0718
7.0999999,7.2871199,6737.3481,154.99979,1111.6218
7.1100001,7.3288012,6763.7593,154.99136,1113.1718
7.1199999,7.3706508,6790.1733,154.98293,1114.7217
7.1300001,7.4126692,6816.5903,154.97449,1116.2715
7.1399999,7.4548569,6843.0107,154.96605,1117.8212
7.1500001,7.4972134,6869.4341,154.9576,1119.3707
7.1599998,7.5397387,6895.8608,154.94914,1120.9203
7.1700001,7.5824332,6922.2905,154.94067,1122.4697
7.1799998,7.6252971,6948.7231,154.93221,1124.0192
7.1900001,7.6683302,6975.1592,154.92374,1125.5684
7.1999998,7.7115331,7001.5981,154.91525,1127.1176
7.21,7.7549052,7028.04,154.90678,1128.6667
7.2199998,7.7984471,7054.4858,154.89828,1130.2157
7.23,7.8421593,7080.9341,154.8898,1131.7646
7.2399998,7.8860407,7107.3857,154.8813,1133.3135
7.25,7.9300923,7133.8408,154.8728,1134.8623
7.2600002,7.9743142,7160.2988,154.86429,1136.411
7.27,8.0187063,7186.7598,154.85577,1137.9596
7.2800002,8.0632687,7213.2241,154.84726,1139.5081
7.29,8.1080017,7239.6914,154.83873,1141.0565
7.3000002,8.1529055,7266.1621,154.8302,1142.6049
7.3099999,8.1979799,7292.6362,154.82166,1144.1531
7.3200002,8.2432241,7319.1133,154.81313,1145.7013
7.3299999,8.28864,7345.5933,154.80457,1147.2494
7.3400002,8.3342266,7372.0771,154.79602,1148.7974
7.3499999,8.3799849,7398.5635,154.78746,1150.3453
7.3600001,8.4259138,7425.0532,154.7789,1151.8932
7.3699999,8.4720144,7451.5464,154.77032,1153.4409
7.3800001,8.5182858,7478.043,154.76175,1154.9885
7.3899999,8.5647297,7504.5425,154.75317,1156.5361
7.4000001,8.6113443,7531.0449,154.74458,1158.0836
7.4099998,8.6581316,7557.5508,154.73599,1159.631
7.4200001,8.7050905,7584.0601,154.7274,1161.1783
7.4299998,8.7522211,7610.5728,154.7188,1162.7256
7.4400001,8.7995234,7637.0884,154.71019,1164.2727
7.4499998,8.8469982,7663.6069,154.70157,1165.8198
7.46,8.8946457,7690.1294,154.69296,1167.3667
7.4699998,8.9424658,7716.6548,154.68433,1168.9136
7.48,8.9904585,7743.1831,154.6757,1170.4604
7.4899998,9.0386229,7769.7153,154.66707,1172.0071
7.5,9.0869608,7796.2505,154.65842,1173.5537
7.5100002,9.1354713,7822.7886,154.64977,1175.1003
7.52,9.1841555,7849.3306,154.64111,1176.6467
7.5300002,9.2330122,7875.8755,154.63246,1178.1931
7.54,9.2820425,7902.4238,154.62379,1179.7394
7.5500002,9.3312464,7928.9751,154.61513,1181.2856
7.5599999,9.3806229,7955.5303,154.60645,1182.8317
7.5700002,9.4301739,7982.0884,154.59776,1184.3777
7.5799999,9.4798975,8008.6494,154.58907,1185.9237
7.5900002,9.5297966,8035.2144,154.58038,1187.4695
7.5999999,9.5798683,8061.7822,154.57167,1189.0153
7.6100001,9.6301146,8088.354,154.56297,1190.5609
7.6199999,9.6805344,8114.9282,154.55426,1192.1066
7.6300001,9.7311296,8141.5063,154.54555,1193.652
7.6399999,9.7818985,8168.0879,154.53682,1195.1974
7.6500001,9.8328419,8194.6729,154.52809,1196.7428
7.6599998,9.8839607,8221.2607,154.51935,1198.288
7.6700001,9.9352541,8247.8516,154.5106,1199.8331
7.6799998,9.986722,8274.4463,154.50186,1201.3782
7.6900001,10.038364,8301.0439,154.4931,1202.9232
7.6999998,10.090183,8327.6455,154.48434,1204.4681
7.71,10.142177,8354.251,154.47557,1206.0129
7.7199998,10.194345,8380.8584,154.4668,1207.5576
7.73,10.24669,8407.4697,154.45802,1209.1022
7.7399998,10.29921,8434.085,154.44923,1210.6467
7.75,10.351906,8460.7031,154.44044,1212.1912
7.7600002,10.404778,8487.3242,154.43166,1213.7356
7.77,10.457825,8513.9492,154.42285,1215.2798
7.7800002,10.511048,8540.5781,154.41405,1216.824
7.79,10.564448,8567.21,154.40523,1218.3682
7.8000002,10.618025,8593.8447,154.39641,1219.9121
7.8099999,10.671778,8620.4834,154.38757,1221.4561
7.8200002,10.725707,8647.125,154.37874,1222.9999
7.8299999,10.779814,8673.7705,154.3699,1224.5436
7.8400002,10.834097,8700.4199,154.36105,1226.0873
7.8499999,10.888557,8727.0723,154.3522,1227.6309
7.8600001,10.943194,8753.7275,154.34334,1229.1743
7.8699999,10.998009,8780.3867,154.33447,1230.7177
7.8800001,11.053,8807.0488,154.32561,1232.261
7.8899999,11.108171,8833.7148,154.31673,1233.8042
7.9000001,11.163517,8860.3848,154.30783,1235.3473
7.9099998,11.219043,8887.0576,154.29895,1236.8904
7.9200001,11.274745,8913.7334,154.29005,1238.4333
7.9299998,11.330626,8940.4131,154.28114,1239.9762
7.9400001,11.386684,8967.0967,154.27223,1241.5189
7.9499998,11.442922,8993.7832,154.26332,1243.0616
7.96,11.499337,9020.4736,154.25439,1244.6042
7.9699998,11.555932,9047.167,154.24547,1246.1467
7.98,11.612704,9073.8643,154.23653,1247.6891
7.9899998,11.669656,9100.5654,154.22758,1249.2314
8,11.726787,9127.2695,154.21863,1250.7737
8.0100002,11.784097,9153.9775,154.20967,1252.3158
8.0200005,11.841585,9180.6885,154.20071,1253.8579
8.0299997,11.899253,9207.4033,154.19174,1255.3998
8.04,11.957101,9234.1211,154.18277,1256.9417
8.0500002,12.015128,9260.8428,154.17378,1258.4835
8.0600004,12.073335,9287.5684,154.16479,1260.0251
8.0699997,12.131721,9314.2969,154.15579,1261.5668
8.0799999,12.190289,9341.0293,154.14679,1263.1083
8.0900002,12.249036,9367.7656,154.13779,1264.6497
8.1000004,12.307962,9394.5049,154.12877,1266.191
8.1099997,12.36707,9421.248,154.11975,1267.7323
8.1199999,12.426358,9447.9941,154.11072,1269.2734
8.1300001,12.485827,9474.7451,154.10168,1270.8145
8.1400003,12.545477,9501.498,154.09264,1272.3555
8.1499996,12.605308,9528.2559,154.08359,1273.8964
8.1599998,12.665318,9555.0166,154.07452,1275.4371
8.1700001,12.725512,9581.7812,154.06546,1276.9778
8.1800003,12.785886,9608.5488,154.0564,1278.5184
8.1899996,12.846441,9635.3213,154.04732,1280.059
8.1999998,12.907179,9662.0957,154.03822,1281.5994
8.21,12.968098,9688.875,154.02913,1283.1398
8.2200003,13.029199,9715.6572,154.02003,1284.6799
8.2299995,13.090482,9742.4434,154.01093,1286.2201
8.2399998,13.151947,9769.2334,154.00182,1287.7603
8.25,13.213594,9796.0264,153.99269,1289.3002
8.2600002,13.275425,9822.8242,153.98357,1290.8401
8.2700005,13.337438,9849.624,153.97443,1292.3799
8.2799997,13.399632,9876.4287,153.96529,1293.9196
8.29,13.462011,9903.2363,153.95615,1295.4591
8.3000002,13.524572,9930.0488,153.94699,1296.9987
8.3100004,13.587317,9956.8633,153.93782,1298.5381
8.3199997,13.650245,9983.6826,153.92865,1300.0774
8.3299999,13.713356,10010.505,153.91948,1301.6167
8.3400002,13.776651,10037.332,153.91029,1303.1558
8.3500004,13.84013,10064.162,153.90111,1304.6948
8.3599997,13.903792,10090.995,153.89191,1306.2339
8.3699999,13.96764,10117.833,153.88269,1307.7727
8.3800001,14.031671,10144.674,153.87349,1309.3115
8.3900003,14.095885,10171.519,153.86426,1310.8502
8.3999996,14.160286,10198.367,153.85503,1312.3888
8.4099998,14.22487,10225.22,153.84579,1313.9272
8.4200001,14.289639,10252.076,153.83655,1315.4657
8.4300003,14.354593,10278.936,153.8273,1317.004
8.4399996,14.419732,10305.799,153.81804,1318.5422
8.4499998,14.485057,10332.666,153.80878,1320.0803
8.46,14.550567,10359.537,153.7995,1321.6184
8.4700003,14.616262,10386.412,153.79022,1323.1564
8.4799995,14.682143,10413.291,153.78094,1324.6942
8.4899998,14.74821,10440.173,153.77164,1326.2319
8.5,14.814463,10467.06,153.76234,1327.7697
8.5100002,14.880902,10493.949,153.75304,1329.3073
8.5200005,14.947528,10520.843,153.74371,1330.8447
8.5299997,15.014339,10547.74,153.73439,1332.3821
8.54,15.081338,10574.642,153.72505,1333.9194
8.5500002,15.148522,10601.547,153.71571,1335.4565
8.5600004,15.215895,10628.456,153.70636,1336.9937
8.5699997,15.283454,10655.368,153.69701,1338.5308
8.5799999,15.3512,10682.285,153.68764,1340.0676
8.5900002,15.419133,10709.206,153.67827,1341.6045
8.6000004,15.487254,10736.13,153.66888,1343.1412
8.6099997,15.555563,10763.058,153.6595,1344.6779
8.6199999,15.62406,10789.99,153.6501,1346.2144
8.6300001,15.692744,10816.926,153.6407,1347.7509
8.6400003,15.761617,10843.865,153.63129,1349.2872
8.6499996,15.830678,10870.81,153.62187,1350.8235
8.6599998,15.899928,10897.757,153.61244,1352.3596
8.6700001,15.969366,10924.708,153.60301,1353.8958
8.6800003,16.038994,10951.663,153.59357,1355.4318
8.6899996,16.108809,10978.622,153.58412,1356.9677
8.6999998,16.178814,11005.586,153.57466,1358.5034
8.71,16.249008,11032.553,153.56519,1360.0391
8.7200003,16.319391,11059.523,153.55571,1361.5747
8.7299995,16.389965,11086.498,153.54623,1363.1102
8.7399998,16.460728,11113.478,153.53674,1364.6456
8.75,16.531681,11140.46,153.52724,1366.1809
8.7600002,16.602825,11167.446,153.51773,1367.7162
8.7700005,16.674158,11194.438,153.50821,1369.2513
8.7799997,16.745682,11221.432,153.49869,1370.7864
8.79,16.817396,11248.431,153.48917,1372.3213
8.8000002,16.889301,11275.433,153.47961,1373.8561
8.8100004,16.961397,11302.439,153.47006,1375.3909
8.8199997,17.033684,11329.45,153.46051,1376.9255
8.8299999,17.106161,11356.465,153.45094,1378.4601
8.8400002,17.178831,11383.483,153.44138,1379.9945
8.8500004,17.251692,11410.506,153.43179,1381.5289
8.8599997,17.324745,11437.532,153.4222,1383.0632
8.8699999,17.397989,11464.563,153.4126,1384.5973
8.8800001,17.471426,11491.598,153.403,1386.1315
8.8900003,17.545055,11518.637,153.39337,1387.6654
8.8999996,17.618877,11545.679,153.38376,1389.1993
8.9099998,17.69289,11572.726,153.37411,1390.733
8.9200001,17.767097,11599.776,153.36447,1392.2667
8.9300003,17.841497,11626.832,153.35483,1393.8004
8.9399996,17.91609,11653.891,153.34517,1395.3339
8.9499998,17.990875,11680.954,153.33549,1396.8673
8.96,18.065855,11708.021,153.32582,1398.4006
8.9700003,18.141027,11735.093,153.31615,1399.9338
8.9799995,18.216394,11762.168,153.30644,1401.4669
8.9899998,18.291956,11789.247,153.29674,1402.9999
9,18.36771,11816.331,153.28703,1404.5328
9.0100002,18.443661,11843.419,153.27731,1406.0657
9.0200005,18.519804,11870.511,153.26758,1407.5984
9.0299997,18.596142,11897.606,153.25784,1409.131
9.04,18.672676,11924.707,153.24809,1410.6636
9.0500002,18.749403,11951.812,153.23834,1412.1959
9.0600004,18.826326,11978.92,153.22858,1413.7283
9.0699997,18.903446,12006.032,153.21881,1415.2605
9.0799999,18.980761,12033.149,153.20903,1416.7927
9.0900002,19.058271,12060.271,153.19923,1418.3247
9.1000004,19.135977,12087.396,153.18944,1419.8567
9.1099997,19.213879,12114.525,153.17963,1421.3885
9.1199999,19.291977,12141.659,153.1698,1422.9203
9.1300001,19.370272,12168.797,153.15997,1424.4519
9.1400003,19.448765,12195.939,153.15015,1425.9835
9.1499996,19.527452,12223.086,153.14029,1427.5149
9.1599998,19.606339,12250.236,153.13043,1429.0463
9.1700001,19.685421,12277.392,153.12057,1430.5775
9.1800003,19.7647,12304.551,153.1107,1432.1086
9.1899996,19.844179,12331.714,153.10081,1433.6398
9.1999998,19.923853,12358.882,153.09093,1435.1707
9.21,20.003727,12386.054,153.08102,1436.7015
9.2200003,20.083797,12413.23,153.07111,1438.2323
9.2299995,20.164068,12440.411,153.06119,1439.7629
9.2399998,20.244535,12467.596,153.05125,1441.2936
9.25,20.325203,12494.785,153.04132,1442.824
9.2600002,20.406069,12521.979,153.03137,1444.3544
9.2700005,20.487133,12549.177,153.02141,1445.8846
9.2799997,20.568398,12576.379,153.01144,1447.4148
9.29,20.649862,12603.586,153.00146,1448.9448
9.3000002,20.731525,12630.797,152.99149,1450.4749
9.3100004,20.813389,12658.012,152.98148,1452.0046
9.3199997,20.895451,12685.232,152.97148,1453.5344
9.3299999,20.977715,12712.456,152.96146,1455.0641
9.3400002,21.060179,12739.685,152.95143,1456.5936
9.3500004,21.142843,12766.918,152.94139,1458.1232
9.3599997,21.225708,12794.155,152.93135,1459.6525
9.3699999,21.308773,12821.396,152.9213,1461.1818
9.3800001,21.392042,12848.644,152.91122,1462.7109
9.3900003,21.47551,12875.894,152.90115,1464.24
9.3999996,21.559181,12903.149,152.89107,1465.7689
9.4099998,21.643053,12930.409,152.88098,1467.2979
9.4200001,21.727127,12957.673,152.87086,1468.8265
9.4300003,21.811403,12984.941,152.86075,1470.3552
9.4399996,21.895882,13012.215,152.85063,1471.8838
9.4499998,21.980564,13039.492,152.8405,1473.4122
9.46,22.065449,13066.774,152.83035,1474.9406
9.4700003,22.150536,13094.061,152.82019,1476.4689
9.4799995,22.235826,13121.352,152.81003,1477.9969
9.4899998,22.321321,13148.647,152.79985,1479.525
9.5,22.407019,13175.948,152.78966,1481.053
9.5100002,22.49292,13203.253,152.77946,1482.5808
9.5200005,22.579025,13230.562,152.76926,1484.1086
9.5299997,22.665335,13257.876,152.75903,1485.6362
9.54,22.75185,13285.194,152.74881,1487.1638
9.5500002,22.838568,13312.518,152.73857,1488.6912
9.5600004,22.925491,13339.845,152.72833,1490.2185
9.5699997,23.012621,13367.178,152.71806,1491.7457
9.5799999,23.099955,13394.515,152.70779,1493.2729
9.5900002,23.187494,13421.856,152.69751,1494.7999
9.6000004,23.27524,13449.202,152.68723,1496.3269
9.6099997,23.363192,13476.553,152.67693,1497.8536
9.6199999,23.451349,13503.908,152.66661,1499.3804
9.6300001,23.539713,13531.269,152.65628,1500.907
9.6400003,23.628283,13558.634,152.64595,1502.4335
9.6499996,23.71706,13586.003,152.6356,1503.96
9.6599998,23.806044,13613.377,152.62526,1505.4862
9.6700001,23.895235,13640.756,152.61488,1507.0125
9.6800003,23.984634,13668.14,152.60451,1508.5386
9.6899996,24.074242,13695.528,152.59412,1510.0646
9.6999998,24.164055,13722.922,152.58372,1511.5905
9.71,24.254078,13750.319,152.57332,1513.1162
9.7200003,24.344309,13777.722,152.5629,1514.6418
9.7299995,24.434748,13805.13,152.55246,1516.1675
9.7399998,24.525394,13832.542,152.54202,1517.6929
9.75,24.616253,13859.959,152.53156,1519.2183
9.7600002,24.707317,13887.381,152.5211,1520.7435
9.7700005,24.798594,13914.808,152.51062,1522.2687
9.7799997,24.890078,13942.238,152.50014,1523.7938
9.79,24.981773,13969.675,152.48964,1525.3187
9.8000002,25.073679,13997.116,152.47913,1526.8435
9.8100004,25.165794,14024.562,152.4686,1528.3683
9.8199997,25.25812,14052.013,152.45807,1529.8929
9.8299999,25.350657,14079.469,152.44753,1531.4175
9.8400002,25.443405,14106.93,152.43697,1532.9419
9.8500004,25.536364,14134.396,152.42639,1534.4662
9.8599997,25.629534,14161.865,152.41582,1535.9904
9.8699999,25.722918,14189.341,152.40523,1537.5145
9.8800001,25.816511,14216.821,152.39462,1539.0386
9.8900003,25.910318,14244.307,152.384,1540.5624
9.8999996,26.004335,14271.797,152.37338,1542.0862
9.9099998,26.098568,14299.292,152.36275,1543.6099
9.9200001,26.193012,14326.792,152.3521,1545.1334
9.9300003,26.287668,14354.297,152.34143,1546.6569
9.9399996,26.38254,14381.808,152.33076,1548.1803
9.9499998,26.477625,14409.322,152.32007,1549.7035
9.96,26.572922,14436.843,152.30937,1551.2267
9.9700003,26.668434,14464.368,152.29868,1552.7498
9.9799995,26.76416,14491.898,152.28795,1554.2727
9.9899998,26.860102,14519.434,152.27721,1555.7955
10,26.956257,14546.975,152.26646,1557.3182
10,26.956257,14546.975,152.26646,1557.3182
